sequence,_,logits,prob_class1,predicted_label
ACDEFGHIKLMNPQRSTVWY,0,"[0.7326098680496216, -0.7268074750900269]",0.1885564625263214,0
