sequence,_,logits,prob_class1,predicted_label
ACDEFGHIKLMNPQRSTVWY,0,"[0.7326099276542664, -0.7268075346946716]",0.18855643272399902,0
AEFAF,0,"[0.747521698474884, -0.7523161768913269]",0.18244969844818115,0
