sequence,_,logits,prob_class1,predicted_label
AEFAF,0,"[0.7475217580795288, -0.7523162961006165]",0.18244968354701996,0
AEFAF,0,"[0.747521698474884, -0.7523161768913269]",0.18244969844818115,0
AEFAF,0,"[0.7475217580795288, -0.7523162961006165]",0.18244968354701996,0
ACDEFGHIKLMNPQRSTVWY,0,"[0.7326099872589111, -0.7268075346946716]",0.18855641782283783,0
