sequence,_,logits,prob_class1,predicted_label
AEFAFE,0,"[0.8285552859306335, -0.844079315662384]",0.15807323157787323,0
